{"cameraMode":{"drawMode":0,"name":"Shaded","section":"Shading Mode"},"sceneLighting":false,"audioPlay":false,"sceneViewState":{"showFog":true,"showMaterialUpdate":false,"showSkybox":false,"showFlares":true,"showImageEffects":true,"showParticleSystems":true},"in2DMode":false,"pivot":{"x":358.5282287597656,"y":224.45787048339845,"z":0.07775712013244629},"rotation":{"x":0.10910919308662415,"y":-0.055733971297740939,"z":0.00616590678691864,"w":0.9924914240837097},"size":3.9005603790283205,"orthographic":false}