{"cameraMode":{"drawMode":0,"name":"Shaded","section":"Shading Mode"},"sceneLighting":true,"audioPlay":false,"sceneViewState":{"showFog":true,"showMaterialUpdate":false,"showSkybox":true,"showFlares":true,"showImageEffects":true,"showParticleSystems":true},"in2DMode":false,"pivot":{"x":11.189757347106934,"y":13.25348949432373,"z":-1.4989713430404664},"rotation":{"x":0.49272117018699648,"y":-0.022185074165463449,"z":0.012567100115120411,"w":0.8698136806488037},"size":2.920351266860962,"orthographic":false}