{"cameraMode":{"drawMode":0,"name":"Shaded","section":"Shading Mode"},"sceneLighting":true,"audioPlay":false,"sceneViewState":{"showFog":true,"showMaterialUpdate":false,"showSkybox":true,"showFlares":true,"showImageEffects":true,"showParticleSystems":true},"in2DMode":false,"pivot":{"x":0.502228856086731,"y":-1.1177585124969483,"z":-0.11352968215942383},"rotation":{"x":0.37310749292373659,"y":-0.08103039860725403,"z":0.032735515385866168,"w":0.9236750602722168},"size":2.5872995853424074,"orthographic":true}