{"cameraMode":{"drawMode":0,"name":"Shaded","section":"Shading Mode"},"sceneLighting":true,"audioPlay":false,"sceneViewState":{"showFog":true,"showMaterialUpdate":false,"showSkybox":true,"showFlares":true,"showImageEffects":true,"showParticleSystems":true},"in2DMode":false,"pivot":{"x":14.190258979797364,"y":2.6216278076171877,"z":-1.937941074371338},"rotation":{"x":0.31636500358581545,"y":0.05773996189236641,"z":-0.01924961246550083,"w":0.9467307925224304},"size":0.9265801310539246,"orthographic":false}