{"cameraMode":{"drawMode":0,"name":"Shaded","section":"Shading Mode"},"sceneLighting":true,"audioPlay":false,"sceneViewState":{"showFog":true,"showMaterialUpdate":false,"showSkybox":true,"showFlares":true,"showImageEffects":true,"showParticleSystems":true},"in2DMode":false,"pivot":{"x":15.23458194732666,"y":-1.232121467590332,"z":-0.18094497919082642},"rotation":{"x":0.10875894874334336,"y":-0.12835945188999177,"z":0.014163509011268616,"w":0.98564612865448},"size":2.3521769046783449,"orthographic":true}