{"cameraMode":{"drawMode":0,"name":"Shaded","section":"Shading Mode"},"sceneLighting":false,"audioPlay":false,"sceneViewState":{"showFog":true,"showMaterialUpdate":false,"showSkybox":false,"showFlares":true,"showImageEffects":true,"showParticleSystems":true},"in2DMode":false,"pivot":{"x":0.0299999862909317,"y":0.7599999904632568,"z":-0.0074999695643782619},"rotation":{"x":-0.2334882766008377,"y":-0.2489975541830063,"z":0.06198826804757118,"w":-0.9378930330276489},"size":2.9748668670654299,"orthographic":true}