{"cameraMode":{"drawMode":0,"name":"Shaded","section":"Shading Mode"},"sceneLighting":true,"audioPlay":false,"sceneViewState":{"showFog":true,"showMaterialUpdate":false,"showSkybox":true,"showFlares":true,"showImageEffects":true,"showParticleSystems":true},"in2DMode":false,"pivot":{"x":11.527192115783692,"y":-53.870361328125,"z":24.5374755859375},"rotation":{"x":-0.5627824664115906,"y":0.05766364559531212,"z":-0.039404116570949557,"w":-0.8236624002456665},"size":69.34568786621094,"orthographic":false}