{"cameraMode":{"drawMode":0,"name":"Shaded","section":"Shading Mode"},"sceneLighting":true,"audioPlay":false,"sceneViewState":{"showFog":true,"showMaterialUpdate":false,"showSkybox":true,"showFlares":true,"showImageEffects":true,"showParticleSystems":true},"in2DMode":false,"pivot":{"x":21.5,"y":0.4615197479724884,"z":-0.3400001525878906},"rotation":{"x":-0.5931174159049988,"y":-0.08722545206546784,"z":0.06484809517860413,"w":-0.7977704405784607},"size":6.2383904457092289,"orthographic":false}