{"cameraMode":{"drawMode":0,"name":"Shaded","section":"Shading Mode"},"sceneLighting":true,"audioPlay":false,"sceneViewState":{"showFog":true,"showMaterialUpdate":false,"showSkybox":true,"showFlares":true,"showImageEffects":true,"showParticleSystems":true},"in2DMode":false,"pivot":{"x":14.941180229187012,"y":12.391563415527344,"z":2.033794641494751},"rotation":{"x":0.36136096715927126,"y":0.10033737123012543,"z":-0.039137955754995349,"w":0.9261982440948486},"size":3.695976972579956,"orthographic":true}