{"cameraMode":{"drawMode":0,"name":"Shaded","section":"Shading Mode"},"sceneLighting":true,"audioPlay":false,"sceneViewState":{"showFog":true,"showMaterialUpdate":false,"showSkybox":true,"showFlares":true,"showImageEffects":true,"showParticleSystems":true},"in2DMode":false,"pivot":{"x":5.87999963760376,"y":0.08286992460489273,"z":0.07775688171386719},"rotation":{"x":-0.45403313636779787,"y":0.008550632745027542,"z":-0.004357583355158567,"w":-0.8909333348274231},"size":3.9005510807037355,"orthographic":false}