{"cameraMode":{"drawMode":0,"name":"Shaded","section":"Shading Mode"},"sceneLighting":false,"audioPlay":false,"sceneViewState":{"showFog":true,"showMaterialUpdate":false,"showSkybox":false,"showFlares":true,"showImageEffects":true,"showParticleSystems":true},"in2DMode":false,"pivot":{"x":348.92999267578127,"y":144.63995361328126,"z":36.69218444824219},"rotation":{"x":-0.220607191324234,"y":-0.4237763285636902,"z":0.10721907019615174,"w":-0.8719273805618286},"size":478.1025085449219,"orthographic":false}